data_dir,modelo_path,epoch,checkpoint_train_loss,checkpoint_train_acc,checkpoint_train_f1,checkpoint_train_auc,checkpoint_val_loss,checkpoint_val_acc,checkpoint_val_f1,checkpoint_val_auc,test_loss,test_acc,test_f1,test_auc,tn,fp,fn,tp,confusion_matrix
data_completa2/test,experimentos\experimento_001\ultimo.pth,34,0.008315904034198796,0.9969655767062413,0.9981793037577976,0.9999205522671594,0.2988016822994071,0.9464720194647201,0.9679338449640074,0.9729067648936042,2.235459424503743,0.5793439716312057,0.6492546507330295,0.6263891921063709,1286,2084,763,2635,"[[1286, 2084], [763, 2635]]"
