grupo,n_muestras,acc,f1,auc,tn,fp,fn,tp
general,20142,0.9573527951544037,0.9745338116272865,0.9844303313924784,2847,513,346,16436
real,3360,0.8473214285714286,0.0,0.0,2847,513,0,0
fake,16782,0.9793826719103802,0.9895839605033415,0.0,0,0,346,16436
fake_Deepfakes,3349,0.9868617497760526,0.9933874361286444,0.0,0,0,44,3305
fake_Face2Face,3359,0.9848169097945817,0.9923503824808759,0.0,0,0,51,3308
fake_FaceShifter,3360,0.9821428571428571,0.990990990990991,0.0,0,0,60,3300
fake_FaceSwap,3356,0.9800357568533969,0.9899172310007525,0.0,0,0,67,3289
fake_NeuralTextures,3358,0.9630732578916021,0.9811893203883495,0.0,0,0,124,3234
promedio_fake_tecnicas,16782,0.9793861062916982,0.9895670721979227,0.0,0,0,346,16436
