grupo,n_muestras,acc,f1,auc,tn,fp,fn,tp
general,20142,0.9611260053619303,0.9768212900743021,0.9889631340410077,2860,500,283,16499
real,3360,0.8511904761904762,0.0,0.0,2860,500,0,0
fake,16782,0.9831366940769872,0.991496649740092,0.0,0,0,283,16499
fake_Deepfakes,3349,0.9874589429680501,0.9936899038461539,0.0,0,0,42,3307
fake_Face2Face,3359,0.9946412622804406,0.9973134328358209,0.0,0,0,18,3341
fake_FaceShifter,3360,0.9824404761904761,0.9911424711004354,0.0,0,0,59,3301
fake_FaceSwap,3356,0.9773539928486293,0.9885473176612417,0.0,0,0,76,3280
fake_NeuralTextures,3358,0.9737939249553306,0.9867229933614967,0.0,0,0,88,3270
promedio_fake_tecnicas,16782,0.9831377198485853,0.9914832237610298,0.0,0,0,283,16499
