grupo,n_muestras,acc,f1,auc,tn,fp,fn,tp
general,20142,0.9776089762684937,0.9864933664759965,0.9955398996089915,3221,139,312,16470
real,3360,0.9586309523809524,0.0,0.0,3221,139,0,0
fake,16782,0.9814086521272792,0.9906171057380008,0.0,0,0,312,16470
fake_Deepfakes,3349,0.975515079128098,0.9876058041112454,0.0,0,0,82,3267
fake_Face2Face,3359,0.9907710628163143,0.9953641393749065,0.0,0,0,31,3328
fake_FaceShifter,3360,0.9857142857142858,0.9928057553956835,0.0,0,0,48,3312
fake_FaceSwap,3356,0.9818235995232419,0.9908284468500977,0.0,0,0,61,3295
fake_NeuralTextures,3358,0.973198332340679,0.9864171445819498,0.0,0,0,90,3268
promedio_fake_tecnicas,16782,0.9814044719045238,0.9906042580627765,0.0,0,0,312,16470
