data_dir,modelo_path,epoch,checkpoint_train_loss,checkpoint_train_acc,checkpoint_train_f1,checkpoint_train_auc,checkpoint_val_loss,checkpoint_val_acc,checkpoint_val_f1,checkpoint_val_auc,test_loss,test_acc,test_f1,test_auc,tn,fp,fn,tp,confusion_matrix
data_completa2/test,experimentos\experimento_001\mejor_val_f1.pth,29,0.013968019863747405,0.9949260462956822,0.9969557085439134,0.9997581867729176,0.2351963037264356,0.9512885446149263,0.9709238566643943,0.9775571680712245,1.6392626803931933,0.581855791962175,0.6558852140077821,0.6427793098750705,1241,2129,701,2697,"[[1241, 2129], [701, 2697]]"
