grupo,n_muestras,acc,f1,auc,tn,fp,fn,tp
general,20142,0.9539767649687221,0.9724082507366729,0.9841925305457662,2880,480,447,16335
real,3360,0.8571428571428571,0.0,0.0,2880,480,0,0
fake,16782,0.9733643189131213,0.9865024005797627,0.0,0,0,447,16335
fake_Deepfakes,3349,0.9826813974320693,0.9912650602409638,0.0,0,0,58,3291
fake_Face2Face,3359,0.9672521583804704,0.9833535108958837,0.0,0,0,110,3249
fake_FaceShifter,3360,0.9875,0.9937106918238994,0.0,0,0,42,3318
fake_FaceSwap,3356,0.9645411203814065,0.9819505536174731,0.0,0,0,119,3237
fake_NeuralTextures,3358,0.9648600357355569,0.9821157926644438,0.0,0,0,118,3240
promedio_fake_tecnicas,16782,0.9733669423859006,0.9864791218485328,0.0,0,0,447,16335
